Entity,Year,Religiao_Predominante
afghanistan,1945,Muçulmano
afghanistan,1950,Muçulmano
afghanistan,1955,Muçulmano
afghanistan,1960,Muçulmano
afghanistan,1965,Muçulmano
afghanistan,1970,Muçulmano
afghanistan,1975,Muçulmano
afghanistan,1980,Muçulmano
afghanistan,1985,Muçulmano
afghanistan,1990,Muçulmano
afghanistan,1995,Muçulmano
afghanistan,2000,Muçulmano
afghanistan,2005,Muçulmano
afghanistan,2010,Muçulmano
albania,1945,Muçulmano
albania,1950,Muçulmano
albania,1955,Muçulmano
albania,1960,Muçulmano
albania,1965,Muçulmano
albania,1970,Muçulmano
albania,1975,Muçulmano
albania,1980,Muçulmano
albania,1985,Muçulmano
albania,1990,Muçulmano
albania,1995,Muçulmano
albania,2000,Muçulmano
albania,2005,Muçulmano
albania,2010,Muçulmano
albania,2011,Muslim
algeria,1965,Muçulmano
algeria,1970,Muçulmano
algeria,1975,Muçulmano
algeria,1980,Muçulmano
algeria,1985,Muçulmano
algeria,1990,Muçulmano
algeria,1995,Muçulmano
algeria,2000,Muçulmano
algeria,2005,Muçulmano
algeria,2010,Muçulmano
andorra,1995,Roman Catholic
andorra,2000,Roman Catholic
andorra,2005,Roman Catholic
andorra,2010,Roman Catholic
angola,1975,Roman Catholic
angola,1980,Roman Catholic
angola,1985,Roman Catholic
angola,1990,Roman Catholic
angola,1995,Roman Catholic
angola,2000,Roman Catholic
angola,2005,Roman Catholic
angola,2010,Roman Catholic
anguilla,2001,Anglican
antigua & barbuda,1980,Protestante
antigua & barbuda,1985,Anglican
antigua & barbuda,1990,Protestante
antigua & barbuda,1995,Protestante
antigua & barbuda,2000,Protestante
antigua & barbuda,2005,Protestante
antigua & barbuda,2010,Protestante
antigua and barbuda,2001,Anglican
argentina,1945,Roman Catholic
argentina,1950,Roman Catholic
argentina,1955,Roman Catholic
argentina,1960,Roman Catholic
argentina,1965,Roman Catholic
argentina,1970,Roman Catholic
argentina,1975,Roman Catholic
argentina,1980,Roman Catholic
argentina,1985,Roman Catholic
argentina,1990,Roman Catholic
argentina,1995,Roman Catholic
argentina,2000,Roman Catholic
argentina,2005,Roman Catholic
argentina,2010,Roman Catholic
armenia,1995,Eastern Orthodox
armenia,2000,Eastern Orthodox
armenia,2005,Eastern Orthodox
armenia,2010,Eastern Orthodox
armenia,2011,Armenian Apostolic
aruba,2000,Roman Catholic
aruba,2010,Roman Catholic
australia,1945,Anglican
australia,1950,Anglican
australia,1955,Anglican
australia,1960,Anglican
australia,1965,Anglican
australia,1970,Anglican
australia,1975,Roman Catholic
australia,1980,Roman Catholic
australia,1985,Roman Catholic
australia,1990,Roman Catholic
australia,1995,Roman Catholic
australia,1996,Catholic
australia,2000,Roman Catholic
australia,2001,Catholic
australia,2005,Roman Catholic
australia,2006,Catholic
australia,2010,No Religion
australia,2011,Catholic
australia,2016,No Religion
australia,2021,Christian
austria,1955,Roman Catholic
austria,1960,Roman Catholic
austria,1965,Roman Catholic
austria,1970,Roman Catholic
austria,1975,Roman Catholic
austria,1980,Roman Catholic
austria,1985,Roman Catholic
austria,1990,Roman Catholic
austria,1995,Roman Catholic
austria,2000,Roman Catholic
austria,2001,Roman Catholic
austria,2005,Roman Catholic
austria,2010,Roman Catholic
azerbaijan,1995,Muçulmano
azerbaijan,2000,Muçulmano
azerbaijan,2005,Muçulmano
azerbaijan,2010,Muçulmano
bahamas,1975,Protestante
bahamas,1980,Protestante
bahamas,1985,Protestante
bahamas,1990,Protestante
bahamas,1995,Protestante
bahamas,2000,Protestante
bahamas,2005,Protestante
bahamas,2010,Protestante
bahrain,1970,Muçulmano
bahrain,1975,Muçulmano
bahrain,1980,Muçulmano
bahrain,1985,Muçulmano
bahrain,1990,Muçulmano
bahrain,1995,Muçulmano
bahrain,2000,Muçulmano
bahrain,2001,Muslim
bahrain,2005,Muçulmano
bahrain,2010,Muçulmano
bahrain,2020,Muslim
bangladesh,1975,Muçulmano
bangladesh,1980,Muçulmano
bangladesh,1985,Muçulmano
bangladesh,1990,Muçulmano
bangladesh,1995,Muçulmano
bangladesh,2000,Muçulmano
bangladesh,2001,Muslim
bangladesh,2005,Muçulmano
bangladesh,2010,Muçulmano
bangladesh,2022,Muslim
barbados,1970,Anglican
barbados,1975,Anglican
barbados,1980,Anglican
barbados,1985,Anglican
barbados,1990,Anglican
barbados,1995,Protestante
barbados,2000,Protestante
barbados,2005,Protestante
barbados,2010,Protestante
belarus,1995,Eastern Orthodox
belarus,2000,Eastern Orthodox
belarus,2005,No Religion
belarus,2010,Eastern Orthodox
belgium,1945,Roman Catholic
belgium,1950,Roman Catholic
belgium,1955,Roman Catholic
belgium,1960,Roman Catholic
belgium,1965,Roman Catholic
belgium,1970,Roman Catholic
belgium,1975,Roman Catholic
belgium,1980,Roman Catholic
belgium,1985,Roman Catholic
belgium,1990,Roman Catholic
belgium,1995,Roman Catholic
belgium,2000,Roman Catholic
belgium,2005,Roman Catholic
belgium,2010,Roman Catholic
belize,1980,Roman Catholic
belize,1985,Roman Catholic
belize,1990,Roman Catholic
belize,1995,Roman Catholic
belize,2000,Roman Catholic
belize,2005,Roman Catholic
belize,2010,Roman Catholic
benin,1960,Tradicionais/Animista
benin,1965,Tradicionais/Animista
benin,1970,Tradicionais/Animista
benin,1975,Tradicionais/Animista
benin,1980,Tradicionais/Animista
benin,1985,Tradicionais/Animista
benin,1990,Tradicionais/Animista
benin,1995,Tradicionais/Animista
benin,2000,Tradicionais/Animista
benin,2005,Tradicionais/Animista
benin,2010,Tradicionais/Animista
bermuda,2000,Anglican
bermuda,2010,
bhutan,1975,Budista
bhutan,1980,Budista
bhutan,1985,Budista
bhutan,1990,Budista
bhutan,1995,Budista
bhutan,2000,Budista
bhutan,2005,Budista
bhutan,2010,Budista
bolivia,1945,Roman Catholic
bolivia,1950,Roman Catholic
bolivia,1955,Roman Catholic
bolivia,1960,Roman Catholic
bolivia,1965,Roman Catholic
bolivia,1970,Roman Catholic
bolivia,1975,Roman Catholic
bolivia,1980,Roman Catholic
bolivia,1985,Roman Catholic
bolivia,1990,Roman Catholic
bolivia,1995,Roman Catholic
bolivia,2000,Roman Catholic
bolivia,2005,Roman Catholic
bolivia,2010,Roman Catholic
bosnia and herzegovina,1995,Muçulmano
bosnia and herzegovina,2000,Muçulmano
bosnia and herzegovina,2005,Muçulmano
bosnia and herzegovina,2010,Muçulmano
botswana,1970,Tradicionais/Animista
botswana,1975,Tradicionais/Animista
botswana,1980,Tradicionais/Animista
botswana,1985,Tradicionais/Animista
botswana,1990,Tradicionais/Animista
botswana,1995,Cristão (Outros)
botswana,2000,Tradicionais/Animista
botswana,2001,Christian
botswana,2005,Cristão (Outros)
botswana,2010,Cristão (Outros)
botswana,2011,Christian
brazil,1945,Roman Catholic
brazil,1950,Roman Catholic
brazil,1955,Roman Catholic
brazil,1960,Roman Catholic
brazil,1965,Roman Catholic
brazil,1970,Roman Catholic
brazil,1975,Roman Catholic
brazil,1980,Roman Catholic
brazil,1985,Roman Catholic
brazil,1990,Roman Catholic
brazil,1995,Roman Catholic
brazil,2000,Roman Catholic
brazil,2005,Roman Catholic
brazil,2010,Roman Catholic
british virgin islands,2010,Methodist
brunei,1985,Muçulmano
brunei,1990,Muçulmano
brunei,1995,Muçulmano
brunei,2000,Muçulmano
brunei,2005,Muçulmano
brunei,2010,Muçulmano
brunei darussalam,2011,Muslim
brunei darussalam,2021,Muslim
bulgaria,1945,Eastern Orthodox
bulgaria,1950,Eastern Orthodox
bulgaria,1955,Eastern Orthodox
bulgaria,1960,Eastern Orthodox
bulgaria,1965,Eastern Orthodox
bulgaria,1970,Eastern Orthodox
bulgaria,1975,Eastern Orthodox
bulgaria,1980,Eastern Orthodox
bulgaria,1985,Eastern Orthodox
bulgaria,1990,Eastern Orthodox
bulgaria,1995,Eastern Orthodox
bulgaria,2000,Eastern Orthodox
bulgaria,2001,Eastern Orthodox
bulgaria,2005,Eastern Orthodox
bulgaria,2010,Eastern Orthodox
bulgaria,2011,Eastern Orthodox
bulgaria,2021,Eastern Orthodox
burkina faso,1960,Tradicionais/Animista
burkina faso,1965,Tradicionais/Animista
burkina faso,1970,Tradicionais/Animista
burkina faso,1975,Tradicionais/Animista
burkina faso,1980,Tradicionais/Animista
burkina faso,1985,Muçulmano
burkina faso,1990,Muçulmano
burkina faso,1995,Muçulmano
burkina faso,1996,Muslim
burkina faso,2000,Muçulmano
burkina faso,2005,Muçulmano
burkina faso,2006,Muslim
burkina faso,2010,Muçulmano
burundi,1965,Roman Catholic
burundi,1970,Roman Catholic
burundi,1975,Roman Catholic
burundi,1980,Roman Catholic
burundi,1985,Roman Catholic
burundi,1990,Roman Catholic
burundi,1995,Roman Catholic
burundi,2000,Roman Catholic
burundi,2005,Roman Catholic
burundi,2008,Catholic
burundi,2010,Roman Catholic
cambodia,1955,Budista
cambodia,1960,Budista
cambodia,1965,Budista
cambodia,1970,Budista
cambodia,1975,Budista
cambodia,1980,Budista
cambodia,1985,Budista
cambodia,1990,Budista
cambodia,1995,Budista
cambodia,1998,Buddhist
cambodia,2000,Budista
cambodia,2005,Budista
cambodia,2008,Buddhist
cambodia,2010,Budista
cameroon,1960,Tradicionais/Animista
cameroon,1965,Tradicionais/Animista
cameroon,1970,Tradicionais/Animista
cameroon,1975,Tradicionais/Animista
cameroon,1980,Tradicionais/Animista
cameroon,1985,Roman Catholic
cameroon,1990,Roman Catholic
cameroon,1995,Roman Catholic
cameroon,2000,Tradicionais/Animista
cameroon,2005,Tradicionais/Animista
cameroon,2010,Tradicionais/Animista
canada,1945,Roman Catholic
canada,1950,Roman Catholic
canada,1955,Roman Catholic
canada,1960,Roman Catholic
canada,1965,Roman Catholic
canada,1970,Roman Catholic
canada,1975,Roman Catholic
canada,1980,Roman Catholic
canada,1985,Roman Catholic
canada,1990,Roman Catholic
canada,1995,Roman Catholic
canada,2000,Roman Catholic
canada,2001,Roman Catholic
canada,2005,Roman Catholic
canada,2010,Roman Catholic
canada,2011,Roman Catholic
canada,2021,No Religion
cape verde,1975,Roman Catholic
cape verde,1980,Roman Catholic
cape verde,1985,Roman Catholic
cape verde,1990,Roman Catholic
cape verde,1995,Roman Catholic
cape verde,2000,Roman Catholic
cape verde,2005,Roman Catholic
cape verde,2010,Roman Catholic
cayman islands,1999,Church of God
cayman islands,2010,Church of God
central african republic,1960,Tradicionais/Animista
central african republic,1965,Tradicionais/Animista
central african republic,1970,Tradicionais/Animista
central african republic,1975,Tradicionais/Animista
central african republic,1980,Tradicionais/Animista
central african republic,1985,Cristão (Outros)
central african republic,1990,Cristão (Outros)
central african republic,1995,Cristão (Outros)
central african republic,2000,Tradicionais/Animista
central african republic,2005,Tradicionais/Animista
central african republic,2010,Tradicionais/Animista
chad,1960,Muçulmano
chad,1965,Muçulmano
chad,1970,Muçulmano
chad,1975,Muçulmano
chad,1980,Muçulmano
chad,1985,Muçulmano
chad,1990,Muçulmano
chad,1995,Muçulmano
chad,2000,Muçulmano
chad,2005,Muçulmano
chad,2010,Muçulmano
chile,1945,Roman Catholic
chile,1950,Roman Catholic
chile,1955,Roman Catholic
chile,1960,Roman Catholic
chile,1965,Roman Catholic
chile,1970,Roman Catholic
chile,1975,Roman Catholic
chile,1980,Roman Catholic
chile,1985,Roman Catholic
chile,1990,Roman Catholic
chile,1995,Roman Catholic
chile,2000,Roman Catholic
chile,2002,Catholic
chile,2005,Roman Catholic
chile,2010,Roman Catholic
china,1945,Budista
china,1950,No Religion
china,1955,No Religion
china,1960,No Religion
china,1965,No Religion
china,1970,No Religion
china,1975,No Religion
china,1980,No Religion
china,1985,No Religion
china,1990,No Religion
china,1995,No Religion
china,2000,No Religion
china,2005,No Religion
china,2010,No Religion
colombia,1945,Roman Catholic
colombia,1950,Roman Catholic
colombia,1955,Roman Catholic
colombia,1960,Roman Catholic
colombia,1965,Roman Catholic
colombia,1970,Roman Catholic
colombia,1975,Roman Catholic
colombia,1980,Roman Catholic
colombia,1985,Roman Catholic
colombia,1990,Roman Catholic
colombia,1995,Roman Catholic
colombia,2000,Roman Catholic
colombia,2005,Roman Catholic
colombia,2010,Roman Catholic
comoros,1975,Muçulmano
comoros,1980,Muçulmano
comoros,1985,Muçulmano
comoros,1990,Muçulmano
comoros,1995,Muçulmano
comoros,2000,Muçulmano
comoros,2005,Muçulmano
comoros,2010,Muçulmano
congo,1960,Cristão (Outros)
congo,1965,Cristão (Outros)
congo,1970,Cristão (Outros)
congo,1975,Cristão (Outros)
congo,1980,Cristão (Outros)
congo,1985,Roman Catholic
congo,1990,Roman Catholic
congo,1995,Roman Catholic
congo,2000,Roman Catholic
congo,2005,Roman Catholic
congo,2010,Roman Catholic
cook islands,1996,Christian
cook islands,2001,Christian
cook islands,2006,Roman Catholic
cook islands,2011,Cook Islands Christian Church
costa rica,1945,Roman Catholic
costa rica,1950,Roman Catholic
costa rica,1955,Roman Catholic
costa rica,1960,Roman Catholic
costa rica,1965,Roman Catholic
costa rica,1970,Roman Catholic
costa rica,1975,Roman Catholic
costa rica,1980,Roman Catholic
costa rica,1985,Roman Catholic
costa rica,1990,Roman Catholic
costa rica,1995,Roman Catholic
costa rica,2000,Roman Catholic
costa rica,2005,Roman Catholic
costa rica,2010,Roman Catholic
croatia,1995,Roman Catholic
croatia,2000,Roman Catholic
croatia,2001,Catholic
croatia,2005,Roman Catholic
croatia,2010,Roman Catholic
croatia,2011,Catholic
cuba,1945,Roman Catholic
cuba,1950,Roman Catholic
cuba,1955,Roman Catholic
cuba,1960,Roman Catholic
cuba,1965,Roman Catholic
cuba,1970,Roman Catholic
cuba,1975,Roman Catholic
cuba,1980,Roman Catholic
cuba,1985,Roman Catholic
cuba,1990,Roman Catholic
cuba,1995,Roman Catholic
cuba,2000,Roman Catholic
cuba,2005,Roman Catholic
cuba,2010,Roman Catholic
cyprus,1960,Eastern Orthodox
cyprus,1965,Eastern Orthodox
cyprus,1970,Eastern Orthodox
cyprus,1975,Eastern Orthodox
cyprus,1980,Eastern Orthodox
cyprus,1985,Eastern Orthodox
cyprus,1990,Eastern Orthodox
cyprus,1995,Eastern Orthodox
cyprus,2000,Eastern Orthodox
cyprus,2001,Orthodox
cyprus,2005,Eastern Orthodox
cyprus,2010,Eastern Orthodox
czech republic,1995,No Religion
czech republic,2000,No Religion
czech republic,2005,No Religion
czech republic,2010,No Religion
czechia,2001,No Religion
czechia,2011,Unknown
czechia,2021,No Religion
czechoslovakia,1945,Roman Catholic
czechoslovakia,1950,Roman Catholic
czechoslovakia,1955,Roman Catholic
czechoslovakia,1960,Roman Catholic
czechoslovakia,1965,Roman Catholic
czechoslovakia,1970,Roman Catholic
czechoslovakia,1975,Roman Catholic
czechoslovakia,1980,Roman Catholic
czechoslovakia,1985,Roman Catholic
czechoslovakia,1990,Roman Catholic
côte d'ivoire,2014,Muslim
democratic republic of the congo,1960,Roman Catholic
democratic republic of the congo,1965,Roman Catholic
democratic republic of the congo,1970,Roman Catholic
democratic republic of the congo,1975,Roman Catholic
democratic republic of the congo,1980,Roman Catholic
democratic republic of the congo,1985,Roman Catholic
democratic republic of the congo,1990,Roman Catholic
democratic republic of the congo,1995,Roman Catholic
democratic republic of the congo,2000,Roman Catholic
democratic republic of the congo,2005,Roman Catholic
democratic republic of the congo,2010,Roman Catholic
denmark,1945,Protestante
denmark,1950,Protestante
denmark,1955,Protestante
denmark,1960,Protestante
denmark,1965,Protestante
denmark,1970,Protestante
denmark,1975,Protestante
denmark,1980,Protestante
denmark,1985,Protestante
denmark,1990,Protestante
denmark,1995,Protestante
denmark,2000,Protestante
denmark,2005,Protestante
denmark,2010,Protestante
djibouti,1980,Muçulmano
djibouti,1985,Muçulmano
djibouti,1990,Muçulmano
djibouti,1995,Muçulmano
djibouti,2000,Muçulmano
djibouti,2005,Muçulmano
djibouti,2010,Muçulmano
dominica,1980,Roman Catholic
dominica,1985,Roman Catholic
dominica,1990,Roman Catholic
dominica,1995,Roman Catholic
dominica,2000,Roman Catholic
dominica,2001,Roman Catholic
dominica,2005,Roman Catholic
dominica,2010,Roman Catholic
dominican republic,1945,Roman Catholic
dominican republic,1950,Roman Catholic
dominican republic,1955,Roman Catholic
dominican republic,1960,Roman Catholic
dominican republic,1965,Roman Catholic
dominican republic,1970,Roman Catholic
dominican republic,1975,Roman Catholic
dominican republic,1980,Roman Catholic
dominican republic,1985,Roman Catholic
dominican republic,1990,Roman Catholic
dominican republic,1995,Roman Catholic
dominican republic,2000,Roman Catholic
dominican republic,2005,Roman Catholic
dominican republic,2010,Roman Catholic
east timor,2005,Roman Catholic
east timor,2010,Roman Catholic
ecuador,1945,Roman Catholic
ecuador,1950,Roman Catholic
ecuador,1955,Roman Catholic
ecuador,1960,Roman Catholic
ecuador,1965,Roman Catholic
ecuador,1970,Roman Catholic
ecuador,1975,Roman Catholic
ecuador,1980,Roman Catholic
ecuador,1985,Roman Catholic
ecuador,1990,Roman Catholic
ecuador,1995,Roman Catholic
ecuador,2000,Roman Catholic
ecuador,2005,Roman Catholic
ecuador,2010,Roman Catholic
egypt,1945,Muçulmano
egypt,1950,Muçulmano
egypt,1955,Muçulmano
egypt,1960,Muçulmano
egypt,1965,Muçulmano
egypt,1970,Muçulmano
egypt,1975,Muçulmano
egypt,1980,Muçulmano
egypt,1985,Muçulmano
egypt,1990,Muçulmano
egypt,1995,Muçulmano
egypt,2000,Muçulmano
egypt,2005,Muçulmano
egypt,2010,Muçulmano
el salvador,1945,Roman Catholic
el salvador,1950,Roman Catholic
el salvador,1955,Roman Catholic
el salvador,1960,Roman Catholic
el salvador,1965,Roman Catholic
el salvador,1970,Roman Catholic
el salvador,1975,Roman Catholic
el salvador,1980,Roman Catholic
el salvador,1985,Roman Catholic
el salvador,1990,Roman Catholic
el salvador,1995,Roman Catholic
el salvador,2000,Roman Catholic
el salvador,2005,Roman Catholic
el salvador,2010,Roman Catholic
equatorial guinea,1970,Roman Catholic
equatorial guinea,1975,Roman Catholic
equatorial guinea,1980,Roman Catholic
equatorial guinea,1985,Roman Catholic
equatorial guinea,1990,Roman Catholic
equatorial guinea,1995,Roman Catholic
equatorial guinea,2000,Roman Catholic
equatorial guinea,2005,Roman Catholic
equatorial guinea,2010,Roman Catholic
eritrea,1995,Muçulmano
eritrea,2000,Muçulmano
eritrea,2005,Muçulmano
eritrea,2010,Eastern Orthodox
estonia,1995,No Religion
estonia,2000,No Religion
estonia,2005,No Religion
estonia,2010,No Religion
estonia,2011,No Religion
estonia,2021,No Religion
ethiopia,1945,Eastern Orthodox
ethiopia,1950,Eastern Orthodox
ethiopia,1955,Eastern Orthodox
ethiopia,1960,Eastern Orthodox
ethiopia,1965,Eastern Orthodox
ethiopia,1970,Eastern Orthodox
ethiopia,1975,Eastern Orthodox
ethiopia,1980,Eastern Orthodox
ethiopia,1985,Eastern Orthodox
ethiopia,1990,Eastern Orthodox
ethiopia,1995,Eastern Orthodox
ethiopia,2000,Eastern Orthodox
ethiopia,2005,Eastern Orthodox
ethiopia,2007,Orthodox
ethiopia,2010,Eastern Orthodox
falkland islands (malvinas),2006,Christian
federated states of micronesia,1995,Roman Catholic
federated states of micronesia,2000,Roman Catholic
federated states of micronesia,2005,Roman Catholic
federated states of micronesia,2010,Roman Catholic
fiji,1970,Hindu
fiji,1975,Hindu
fiji,1980,Hindu
fiji,1985,Hindu
fiji,1990,Protestante
fiji,1995,Protestante
fiji,1996,Christian
fiji,2000,Protestante
fiji,2005,Protestante
fiji,2007,Methodist
fiji,2010,Protestante
finland,1945,Protestante
finland,1950,Protestante
finland,1955,Protestante
finland,1960,Protestante
finland,1965,Protestante
finland,1970,Protestante
finland,1975,Protestante
finland,1980,Protestante
finland,1985,Protestante
finland,1990,Protestante
finland,1995,Protestante
finland,2000,Protestante
finland,2005,Protestante
finland,2010,Protestante
finland,2021,Lutheran
france,1945,Roman Catholic
france,1950,Roman Catholic
france,1955,Roman Catholic
france,1960,Roman Catholic
france,1965,Roman Catholic
france,1970,Roman Catholic
france,1975,Roman Catholic
france,1980,Roman Catholic
france,1985,Roman Catholic
france,1990,Roman Catholic
france,1995,Roman Catholic
france,2000,Roman Catholic
france,2005,Roman Catholic
france,2010,Roman Catholic
gabon,1960,Tradicionais/Animista
gabon,1965,Roman Catholic
gabon,1970,Roman Catholic
gabon,1975,Roman Catholic
gabon,1980,Roman Catholic
gabon,1985,Roman Catholic
gabon,1990,Roman Catholic
gabon,1995,Roman Catholic
gabon,2000,Roman Catholic
gabon,2005,Roman Catholic
gabon,2010,Roman Catholic
gambia,1965,Muçulmano
gambia,1970,Muçulmano
gambia,1975,Muçulmano
gambia,1980,Muçulmano
gambia,1985,Muçulmano
gambia,1990,Muçulmano
gambia,1995,Muçulmano
gambia,2000,Muçulmano
gambia,2005,Muçulmano
gambia,2010,Muçulmano
georgia,1995,Eastern Orthodox
georgia,2000,Eastern Orthodox
georgia,2002,Christian Orthodox
georgia,2005,Eastern Orthodox
georgia,2010,Eastern Orthodox
georgia,2014,Christian Orthodox
german democratic republic,1955,Protestante
german democratic republic,1960,Protestante
german democratic republic,1965,Protestante
german democratic republic,1970,Protestante
german democratic republic,1975,Protestante
german democratic republic,1980,Protestante
german democratic republic,1985,Protestante
german federal republic,1955,Protestante
german federal republic,1960,Protestante
german federal republic,1965,Protestante
german federal republic,1970,Protestante
german federal republic,1975,Protestante
german federal republic,1980,Protestante
german federal republic,1985,Protestante
german federal republic,1990,Protestante
germany,1945,Protestante
germany,1990,Protestante
germany,1995,Protestante
germany,2000,Roman Catholic
germany,2005,Protestante
germany,2010,Roman Catholic
germany,2011,Other
ghana,1960,Tradicionais/Animista
ghana,1965,Tradicionais/Animista
ghana,1970,Tradicionais/Animista
ghana,1975,Tradicionais/Animista
ghana,1980,Tradicionais/Animista
ghana,1985,Tradicionais/Animista
ghana,1990,Cristão (Outros)
ghana,1995,Cristão (Outros)
ghana,2000,Protestante
ghana,2005,Protestante
ghana,2010,Protestante
gibraltar,2001,Roman Catholic
gibraltar,2012,Roman Catholic
greece,1945,Eastern Orthodox
greece,1950,Eastern Orthodox
greece,1955,Eastern Orthodox
greece,1960,Eastern Orthodox
greece,1965,Eastern Orthodox
greece,1970,Eastern Orthodox
greece,1975,Eastern Orthodox
greece,1980,Eastern Orthodox
greece,1985,Eastern Orthodox
greece,1990,Eastern Orthodox
greece,1995,Eastern Orthodox
greece,2000,Eastern Orthodox
greece,2005,Eastern Orthodox
greece,2010,Eastern Orthodox
grenada,1975,Roman Catholic
grenada,1980,Roman Catholic
grenada,1985,Roman Catholic
grenada,1990,Roman Catholic
grenada,1995,Roman Catholic
grenada,2000,Roman Catholic
grenada,2005,Roman Catholic
grenada,2010,Roman Catholic
guatemala,1945,Roman Catholic
guatemala,1950,Roman Catholic
guatemala,1955,Roman Catholic
guatemala,1960,Roman Catholic
guatemala,1965,Roman Catholic
guatemala,1970,Roman Catholic
guatemala,1975,Roman Catholic
guatemala,1980,Roman Catholic
guatemala,1985,Roman Catholic
guatemala,1990,Roman Catholic
guatemala,1995,Roman Catholic
guatemala,2000,Roman Catholic
guatemala,2005,Roman Catholic
guatemala,2010,Roman Catholic
guinea,1960,Muçulmano
guinea,1965,Tradicionais/Animista
guinea,1970,Muçulmano
guinea,1975,Muçulmano
guinea,1980,Muçulmano
guinea,1985,Muçulmano
guinea,1990,Muçulmano
guinea,1995,Muçulmano
guinea,2000,Muçulmano
guinea,2005,Muçulmano
guinea,2010,Muçulmano
guinea,2014,Muslim
guinea-bissau,1975,Tradicionais/Animista
guinea-bissau,1980,Tradicionais/Animista
guinea-bissau,1985,Tradicionais/Animista
guinea-bissau,1990,Tradicionais/Animista
guinea-bissau,1995,Tradicionais/Animista
guinea-bissau,2000,Tradicionais/Animista
guinea-bissau,2005,Tradicionais/Animista
guinea-bissau,2009,Muslim
guinea-bissau,2010,Tradicionais/Animista
guyana,1970,Hindu
guyana,1975,Hindu
guyana,1980,Hindu
guyana,1985,Hindu
guyana,1990,Hindu
guyana,1995,Hindu
guyana,2000,Hindu
guyana,2005,Hindu
guyana,2010,Hindu
haiti,1945,Roman Catholic
haiti,1950,Roman Catholic
haiti,1955,Roman Catholic
haiti,1960,Roman Catholic
haiti,1965,Roman Catholic
haiti,1970,Roman Catholic
haiti,1975,Roman Catholic
haiti,1980,Roman Catholic
haiti,1985,Roman Catholic
haiti,1990,Roman Catholic
haiti,1995,Roman Catholic
haiti,2000,Roman Catholic
haiti,2005,Roman Catholic
haiti,2010,Roman Catholic
honduras,1945,Roman Catholic
honduras,1950,Roman Catholic
honduras,1955,Roman Catholic
honduras,1960,Roman Catholic
honduras,1965,Roman Catholic
honduras,1970,Roman Catholic
honduras,1975,Roman Catholic
honduras,1980,Roman Catholic
honduras,1985,Roman Catholic
honduras,1990,Roman Catholic
honduras,1995,Roman Catholic
honduras,2000,Roman Catholic
honduras,2005,Roman Catholic
honduras,2010,Roman Catholic
hungary,1945,Roman Catholic
hungary,1950,Roman Catholic
hungary,1955,Roman Catholic
hungary,1960,Roman Catholic
hungary,1965,Roman Catholic
hungary,1970,Roman Catholic
hungary,1975,Roman Catholic
hungary,1980,Roman Catholic
hungary,1985,Roman Catholic
hungary,1990,Roman Catholic
hungary,1995,Roman Catholic
hungary,2000,Roman Catholic
hungary,2001,Roman Catholic
hungary,2005,Roman Catholic
hungary,2010,Roman Catholic
hungary,2011,Roman Catholic
iceland,1945,Protestante
iceland,1950,Protestante
iceland,1955,Protestante
iceland,1960,Protestante
iceland,1965,Protestante
iceland,1970,Protestante
iceland,1975,Protestante
iceland,1980,Protestante
iceland,1985,Protestante
iceland,1990,Protestante
iceland,1995,Protestante
iceland,2000,Protestante
iceland,2005,Protestante
iceland,2010,Protestante
india,1950,Hindu
india,1955,Hindu
india,1960,Hindu
india,1965,Hindu
india,1970,Hindu
india,1975,Hindu
india,1980,Hindu
india,1985,Hindu
india,1990,Hindu
india,1995,Hindu
india,2000,Hindu
india,2001,Hindu
india,2005,Hindu
india,2010,Hindu
indonesia,1950,Muçulmano
indonesia,1955,Muçulmano
indonesia,1960,Muçulmano
indonesia,1965,Muçulmano
indonesia,1970,Muçulmano
indonesia,1975,Muçulmano
indonesia,1990,Muçulmano
indonesia,1995,Muçulmano
indonesia,2000,Muçulmano
indonesia,2005,Muçulmano
indonesia,2010,Muçulmano
iran,1945,Muçulmano
iran,1950,Muçulmano
iran,1955,Muçulmano
iran,1960,Muçulmano
iran,1965,Muçulmano
iran,1970,Muçulmano
iran,1975,Muçulmano
iran,1980,Muçulmano
iran,1985,Muçulmano
iran,1990,Muçulmano
iran,1995,Muçulmano
iran,2000,Muçulmano
iran,2005,Muçulmano
iran,2010,Muçulmano
iran (islamic republic of),1996,Muslim
iran (islamic republic of),2006,Muslim
iran (islamic republic of),2011,Muslim
iran (islamic republic of),2016,Muslim
iraq,1945,Muçulmano
iraq,1950,Muçulmano
iraq,1955,Muçulmano
iraq,1960,Muçulmano
iraq,1965,Muçulmano
iraq,1970,Muçulmano
iraq,1975,Muçulmano
iraq,1980,Muçulmano
iraq,1985,Muçulmano
iraq,1990,Muçulmano
iraq,1995,Muçulmano
iraq,2000,Muçulmano
iraq,2005,Muçulmano
iraq,2010,Muçulmano
ireland,1945,Roman Catholic
ireland,1950,Roman Catholic
ireland,1955,Roman Catholic
ireland,1960,Roman Catholic
ireland,1965,Roman Catholic
ireland,1970,Roman Catholic
ireland,1975,Roman Catholic
ireland,1980,Roman Catholic
ireland,1985,Roman Catholic
ireland,1990,Roman Catholic
ireland,1995,Roman Catholic
ireland,2000,Roman Catholic
ireland,2002,Roman Catholic
ireland,2005,Roman Catholic
ireland,2006,Roman Catholic
ireland,2010,Roman Catholic
ireland,2011,Roman Catholic
israel,1950,Judaico
israel,1955,Judaico
israel,1960,Judaico
israel,1965,Judaico
israel,1970,Judaico
israel,1975,Judaico
israel,1980,Judaico
israel,1985,Judaico
israel,1990,Judaico
israel,1995,Judaico
israel,2000,Judaico
israel,2005,Judaico
israel,2010,Judaico
italy,1945,Roman Catholic
italy,1950,Roman Catholic
italy,1955,Roman Catholic
italy,1960,Roman Catholic
italy,1965,Roman Catholic
italy,1970,Roman Catholic
italy,1975,Roman Catholic
italy,1980,Roman Catholic
italy,1985,Roman Catholic
italy,1990,Roman Catholic
italy,1995,Roman Catholic
italy,2000,Roman Catholic
italy,2005,Roman Catholic
italy,2010,Roman Catholic
ivory coast,1960,Tradicionais/Animista
ivory coast,1965,Tradicionais/Animista
ivory coast,1970,Tradicionais/Animista
ivory coast,1975,Tradicionais/Animista
ivory coast,1980,Tradicionais/Animista
ivory coast,1985,Tradicionais/Animista
ivory coast,1990,Muçulmano
ivory coast,1995,Muçulmano
ivory coast,2000,Muçulmano
ivory coast,2005,Muçulmano
ivory coast,2010,Muçulmano
jamaica,1960,Protestante
jamaica,1965,Protestante
jamaica,1970,Protestante
jamaica,1975,Protestante
jamaica,1980,Protestante
jamaica,1985,Protestante
jamaica,1990,Protestante
jamaica,1995,Protestante
jamaica,2000,Protestante
jamaica,2001,No Religion
jamaica,2005,Protestante
jamaica,2010,Protestante
jamaica,2011,No Religion
japan,1945,Shintoísta
japan,1950,Shintoísta
japan,1955,Shintoísta
japan,1960,Shintoísta
japan,1965,Shintoísta
japan,1970,Shintoísta
japan,1975,Shintoísta
japan,1980,Shintoísta
japan,1985,Shintoísta
japan,1990,Shintoísta
japan,1995,Shintoísta
japan,2000,Shintoísta
japan,2005,Shintoísta
japan,2010,Shintoísta
jordan,1945,Muçulmano
jordan,1950,Muçulmano
jordan,1955,Muçulmano
jordan,1960,Muçulmano
jordan,1965,Muçulmano
jordan,1970,Muçulmano
jordan,1975,Muçulmano
jordan,1980,Muçulmano
jordan,1985,Muçulmano
jordan,1990,Muçulmano
jordan,1995,Muçulmano
jordan,2000,Muçulmano
jordan,2005,Muçulmano
jordan,2010,Muçulmano
kazakhstan,1995,Muçulmano
kazakhstan,2000,Muçulmano
kazakhstan,2005,Muçulmano
kazakhstan,2009,Islam 
kazakhstan,2010,Muçulmano
kenya,1965,Tradicionais/Animista
kenya,1970,Tradicionais/Animista
kenya,1975,Tradicionais/Animista
kenya,1980,Cristão (Outros)
kenya,1985,Cristão (Outros)
kenya,1990,Cristão (Outros)
kenya,1995,Protestante
kenya,2000,Protestante
kenya,2005,Protestante
kenya,2009,Protestant
kenya,2010,Protestante
kenya,2019,Protestant
kiribati,1995,African Methodist Episcopal Church
kiribati,2000,Roman Catholic
kiribati,2005,Roman Catholic
kiribati,2010,Roman Catholic
kiribati,2015,Catholic
kosovo,2010,Muçulmano
kuwait,1960,Muçulmano
kuwait,1965,Muçulmano
kuwait,1970,Muçulmano
kuwait,1975,Muçulmano
kuwait,1980,Muçulmano
kuwait,1985,Muçulmano
kuwait,1990,Muçulmano
kuwait,1995,Muçulmano
kuwait,2000,Muçulmano
kuwait,2005,Muçulmano
kuwait,2010,Muçulmano
kyrgyzstan,1995,Muçulmano
kyrgyzstan,2000,Muçulmano
kyrgyzstan,2005,Muçulmano
kyrgyzstan,2010,Muçulmano
lao people's democratic republic,1995,Buddhist
lao people's democratic republic,2005,Buddhist
lao people's democratic republic,2015,Buddhist
laos,1955,Budista
laos,1960,Budista
laos,1965,Budista
laos,1970,Budista
laos,1975,Budista
laos,1980,Budista
laos,1985,Budista
laos,1990,Budista
laos,1995,Budista
laos,2000,Budista
laos,2005,Budista
laos,2010,Budista
latvia,1995,No Religion
latvia,2000,No Religion
latvia,2005,No Religion
latvia,2010,Protestante
lebanon,1945,Muçulmano
lebanon,1950,Muçulmano
lebanon,1955,Muçulmano
lebanon,1960,Muçulmano
lebanon,1965,Muçulmano
lebanon,1970,Roman Catholic
lebanon,1975,Muçulmano
lebanon,1980,Muçulmano
lebanon,1985,Muçulmano
lebanon,1990,Muçulmano
lebanon,1995,Muçulmano
lebanon,2000,Muçulmano
lebanon,2005,Muçulmano
lebanon,2010,Muçulmano
lesotho,1970,Roman Catholic
lesotho,1975,Roman Catholic
lesotho,1980,Roman Catholic
lesotho,1985,Roman Catholic
lesotho,1990,Roman Catholic
lesotho,1995,Roman Catholic
lesotho,2000,Roman Catholic
lesotho,2005,Roman Catholic
lesotho,2010,Roman Catholic
liberia,1945,Tradicionais/Animista
liberia,1950,Tradicionais/Animista
liberia,1955,Tradicionais/Animista
liberia,1960,Tradicionais/Animista
liberia,1965,Tradicionais/Animista
liberia,1970,Tradicionais/Animista
liberia,1975,Tradicionais/Animista
liberia,1980,Tradicionais/Animista
liberia,1985,Tradicionais/Animista
liberia,1990,Tradicionais/Animista
liberia,1995,Tradicionais/Animista
liberia,2000,Tradicionais/Animista
liberia,2005,Protestante
liberia,2008,Christian
liberia,2010,Cristão (Outros)
libya,1950,Muçulmano
libya,1955,Muçulmano
libya,1960,Muçulmano
libya,1965,Muçulmano
libya,1970,Muçulmano
libya,1975,Muçulmano
libya,1980,Muçulmano
libya,1985,Muçulmano
libya,1990,Muçulmano
libya,1995,Muçulmano
libya,2000,Muçulmano
libya,2005,Muçulmano
libya,2010,Muçulmano
liechtenstein,1990,Roman Catholic
liechtenstein,1995,Roman Catholic
liechtenstein,2000,Roman Catholic
liechtenstein,2005,Roman Catholic
liechtenstein,2010,Roman Catholic
liechtenstein,2015,Roman Catholic
lithuania,1995,Roman Catholic
lithuania,2000,Roman Catholic
lithuania,2001,Roman Catholic
lithuania,2005,Roman Catholic
lithuania,2010,Roman Catholic
lithuania,2011,Roman Catholic
lithuania,2021,Roman Catholic
luxembourg,1945,Roman Catholic
luxembourg,1950,Roman Catholic
luxembourg,1955,Roman Catholic
luxembourg,1960,Roman Catholic
luxembourg,1965,Roman Catholic
luxembourg,1970,Roman Catholic
luxembourg,1975,Roman Catholic
luxembourg,1980,Roman Catholic
luxembourg,1985,Roman Catholic
luxembourg,1990,Roman Catholic
luxembourg,1995,Roman Catholic
luxembourg,2000,Roman Catholic
luxembourg,2005,Roman Catholic
luxembourg,2010,Roman Catholic
macedonia,1995,Eastern Orthodox
macedonia,2000,Eastern Orthodox
macedonia,2005,Eastern Orthodox
macedonia,2010,Eastern Orthodox
madagascar,1960,Tradicionais/Animista
madagascar,1965,Tradicionais/Animista
madagascar,1970,Tradicionais/Animista
madagascar,1975,Tradicionais/Animista
madagascar,1980,Tradicionais/Animista
madagascar,1985,Tradicionais/Animista
madagascar,1990,Tradicionais/Animista
madagascar,1995,Tradicionais/Animista
madagascar,2000,Tradicionais/Animista
madagascar,2005,Tradicionais/Animista
madagascar,2010,Tradicionais/Animista
malawi,1965,Tradicionais/Animista
malawi,1970,Tradicionais/Animista
malawi,1975,Roman Catholic
malawi,1980,Protestante
malawi,1985,Roman Catholic
malawi,1990,Roman Catholic
malawi,1995,Roman Catholic
malawi,1998,Christian
malawi,2000,Roman Catholic
malawi,2005,Protestante
malawi,2008,Christian
malawi,2010,Protestante
malawi,2018,Christian
malaysia,1960,Muçulmano
malaysia,1965,Muçulmano
malaysia,1970,Muçulmano
malaysia,1975,Muçulmano
malaysia,1980,Muçulmano
malaysia,1985,Muçulmano
malaysia,1990,Muçulmano
malaysia,1995,Muçulmano
malaysia,2000,Muçulmano
malaysia,2005,Muçulmano
malaysia,2010,Muçulmano
malaysia,2020,Islam 
maldives,1965,Muçulmano
maldives,1970,Muçulmano
maldives,1975,Muçulmano
maldives,1980,Muçulmano
maldives,1985,Muçulmano
maldives,1990,Muçulmano
maldives,1995,Muçulmano
maldives,2000,Muçulmano
maldives,2005,Muçulmano
maldives,2010,Muçulmano
maldives,2014,Islam 
mali,1960,Muçulmano
mali,1965,Muçulmano
mali,1970,Muçulmano
mali,1975,Muçulmano
mali,1980,Muçulmano
mali,1985,Muçulmano
mali,1990,Muçulmano
mali,1995,Muçulmano
mali,2000,Muçulmano
mali,2005,Muçulmano
mali,2010,Muçulmano
malta,1965,Roman Catholic
malta,1970,Roman Catholic
malta,1975,Roman Catholic
malta,1980,Roman Catholic
malta,1985,Roman Catholic
malta,1990,Roman Catholic
malta,1995,Roman Catholic
malta,2000,Roman Catholic
malta,2005,Roman Catholic
malta,2010,Roman Catholic
marshall islands,1995,Protestante
marshall islands,1999,Protestant
marshall islands,2000,Protestante
marshall islands,2005,Protestante
marshall islands,2010,Protestante
mauritania,1960,Muçulmano
mauritania,1965,Muçulmano
mauritania,1970,Muçulmano
mauritania,1975,Muçulmano
mauritania,1980,Muçulmano
mauritania,1985,Muçulmano
mauritania,1990,Muçulmano
mauritania,1995,Muçulmano
mauritania,2000,Muçulmano
mauritania,2005,Muçulmano
mauritania,2010,Muçulmano
mauritius,1970,Hindu
mauritius,1975,Hindu
mauritius,1980,Hindu
mauritius,1985,Hindu
mauritius,1990,Hindu
mauritius,1995,Hindu
mauritius,2000,Hindu
mauritius,2005,Hindu
mauritius,2010,Hindu
mauritius,2011,Hindu
mexico,1945,Roman Catholic
mexico,1950,Roman Catholic
mexico,1955,Roman Catholic
mexico,1960,Roman Catholic
mexico,1965,Roman Catholic
mexico,1970,Roman Catholic
mexico,1975,Roman Catholic
mexico,1980,Roman Catholic
mexico,1985,Roman Catholic
mexico,1990,Roman Catholic
mexico,1995,Roman Catholic
mexico,2000,Roman Catholic
mexico,2005,Roman Catholic
mexico,2010,Roman Catholic
mexico,2020,Catholic
micronesia (federated states of),2000,Roman Catholic
moldova,1995,Eastern Orthodox
moldova,2000,Eastern Orthodox
moldova,2005,Eastern Orthodox
moldova,2010,Eastern Orthodox
monaco,1995,Roman Catholic
monaco,2000,Roman Catholic
monaco,2005,Roman Catholic
monaco,2010,Roman Catholic
mongolia,1945,No Religion
mongolia,1950,Tradicionais/Animista
mongolia,1955,No Religion
mongolia,1960,No Religion
mongolia,1965,No Religion
mongolia,1970,No Religion
mongolia,1975,No Religion
mongolia,1980,Tradicionais/Animista
mongolia,1985,Budista
mongolia,1990,Budista
mongolia,1995,Budista
mongolia,2000,Budista
mongolia,2005,Budista
mongolia,2010,Budista
mongolia,2020,Buddhist
montenegro,2003,Christian Orthodox
montenegro,2010,Eastern Orthodox
montenegro,2011,Christian Orthodox
montserrat,2001,Anglican
morocco,1955,Muçulmano
morocco,1960,Muçulmano
morocco,1965,Muçulmano
morocco,1970,Muçulmano
morocco,1975,Muçulmano
morocco,1980,Muçulmano
morocco,1985,Muçulmano
morocco,1990,Muçulmano
morocco,1995,Muçulmano
morocco,2000,Muçulmano
morocco,2005,Muçulmano
morocco,2010,Muçulmano
mozambique,1975,Tradicionais/Animista
mozambique,1980,Tradicionais/Animista
mozambique,1985,Tradicionais/Animista
mozambique,1990,Tradicionais/Animista
mozambique,1995,Tradicionais/Animista
mozambique,1997,No Religion
mozambique,2000,Tradicionais/Animista
mozambique,2005,Tradicionais/Animista
mozambique,2007,Catholic
mozambique,2010,Tradicionais/Animista
mozambique,2017,Catholic
myanmar,1950,Budista
myanmar,1955,Budista
myanmar,1960,Budista
myanmar,1965,Budista
myanmar,1970,Budista
myanmar,1975,Budista
myanmar,1980,Budista
myanmar,1985,Budista
myanmar,1990,Budista
myanmar,1995,Budista
myanmar,2000,Budista
myanmar,2005,Budista
myanmar,2010,Budista
myanmar,2014,Buddhist
namibia,1990,Protestante
namibia,1995,Protestante
namibia,2000,Protestante
namibia,2005,Protestante
namibia,2010,Protestante
nauru,2000,Protestante
nauru,2005,Protestante
nauru,2010,Protestante
nepal,1945,Hindu
nepal,1950,Hindu
nepal,1955,Hindu
nepal,1960,Hindu
nepal,1965,Hindu
nepal,1970,Hindu
nepal,1975,Hindu
nepal,1980,Hindu
nepal,1985,Hindu
nepal,1990,Hindu
nepal,1995,Hindu
nepal,2000,Hindu
nepal,2001,Hindu
nepal,2005,Hindu
nepal,2010,Hindu
nepal,2011,Hindu
nepal,2021,Hindu
netherlands,1955,Protestante
netherlands,1960,Roman Catholic
netherlands,1965,Roman Catholic
netherlands,1970,Roman Catholic
netherlands,1975,Roman Catholic
netherlands,1980,Roman Catholic
netherlands,1985,Roman Catholic
netherlands,1990,Roman Catholic
netherlands,1995,Roman Catholic
netherlands,2000,Roman Catholic
netherlands,2005,Roman Catholic
netherlands,2010,No Religion
new zealand,1945,Protestante
new zealand,1950,Anglican
new zealand,1955,Anglican
new zealand,1960,Protestante
new zealand,1965,Protestante
new zealand,1970,Anglican
new zealand,1975,Anglican
new zealand,1980,Protestante
new zealand,1985,Anglican
new zealand,1990,Protestante
new zealand,1995,Protestante
new zealand,1996,No Religion
new zealand,2000,No Religion
new zealand,2001,No Religion
new zealand,2005,No Religion
new zealand,2006,No Religion
new zealand,2010,No Religion
new zealand,2013,No Religion
new zealand,2018,No Religion
nicaragua,1945,Roman Catholic
nicaragua,1950,Roman Catholic
nicaragua,1955,Roman Catholic
nicaragua,1960,Roman Catholic
nicaragua,1965,Roman Catholic
nicaragua,1970,Roman Catholic
nicaragua,1975,Roman Catholic
nicaragua,1980,Roman Catholic
nicaragua,1985,Roman Catholic
nicaragua,1990,Roman Catholic
nicaragua,1995,Roman Catholic
nicaragua,2000,Roman Catholic
nicaragua,2005,Roman Catholic
nicaragua,2010,Roman Catholic
niger,1960,Muçulmano
niger,1965,Muçulmano
niger,1970,Muçulmano
niger,1975,Muçulmano
niger,1980,Muçulmano
niger,1985,Muçulmano
niger,1990,Muçulmano
niger,1995,Muçulmano
niger,2000,Muçulmano
niger,2005,Muçulmano
niger,2010,Muçulmano
niger,2012,Muslim
nigeria,1960,Muçulmano
nigeria,1965,Muçulmano
nigeria,1970,Muçulmano
nigeria,1975,Muçulmano
nigeria,1980,Muçulmano
nigeria,1985,Muçulmano
nigeria,1990,Muçulmano
nigeria,1995,Muçulmano
nigeria,2000,Muçulmano
nigeria,2005,Muçulmano
nigeria,2010,Muçulmano
niue,2001,Ekalesia Niue
niue,2017,Ekalesia Niue
norfolk island,2001,Church of England
norfolk island,2006,Church of England
norfolk island,2011,Church of England
north korea,1950,Tradicionais/Animista
north korea,1955,Tradicionais/Animista
north korea,1960,No Religion
north korea,1965,No Religion
north korea,1970,No Religion
north korea,1975,No Religion
north korea,1980,No Religion
north korea,1985,No Religion
north korea,1990,No Religion
north korea,1995,No Religion
north korea,2000,No Religion
north korea,2005,No Religion
north korea,2010,No Religion
north macedonia,2002,Orthodox
norway,1945,Protestante
norway,1950,Protestante
norway,1955,Protestante
norway,1960,Protestante
norway,1965,Protestante
norway,1970,Protestante
norway,1975,Protestante
norway,1980,Protestante
norway,1985,Protestante
norway,1990,Protestante
norway,1995,Protestante
norway,2000,Protestante
norway,2005,Protestante
norway,2010,Protestante
oman,1970,Muçulmano
oman,1975,Muçulmano
oman,1980,Muçulmano
oman,1985,Muçulmano
oman,1990,Muçulmano
oman,1995,Muçulmano
oman,2000,Muçulmano
oman,2005,Muçulmano
oman,2010,Muçulmano
pakistan,1950,Muçulmano
pakistan,1955,Muçulmano
pakistan,1960,Muçulmano
pakistan,1965,Muçulmano
pakistan,1970,Muçulmano
pakistan,1975,Muçulmano
pakistan,1980,Muçulmano
pakistan,1985,Muçulmano
pakistan,1990,Muçulmano
pakistan,1995,Muçulmano
pakistan,2000,Muçulmano
pakistan,2005,Muçulmano
pakistan,2010,Muçulmano
pakistan,2017,Muslim
palau,1995,Roman Catholic
palau,2000,Roman Catholic
palau,2005,Roman Catholic
palau,2010,Roman Catholic
panama,1945,Roman Catholic
panama,1950,Roman Catholic
panama,1955,Roman Catholic
panama,1960,Roman Catholic
panama,1965,Roman Catholic
panama,1970,Roman Catholic
panama,1975,Roman Catholic
panama,1980,Roman Catholic
panama,1985,Roman Catholic
panama,1990,Roman Catholic
panama,1995,Roman Catholic
panama,2000,Roman Catholic
panama,2005,Roman Catholic
panama,2010,Roman Catholic
papua new guinea,1975,Protestante
papua new guinea,1980,Protestante
papua new guinea,1985,Protestante
papua new guinea,1990,Protestante
papua new guinea,1995,Protestante
papua new guinea,2000,Protestante
papua new guinea,2005,Protestante
papua new guinea,2010,Protestante
paraguay,1945,Roman Catholic
paraguay,1950,Roman Catholic
paraguay,1955,Roman Catholic
paraguay,1960,Roman Catholic
paraguay,1965,Roman Catholic
paraguay,1970,Roman Catholic
paraguay,1975,Roman Catholic
paraguay,1980,Roman Catholic
paraguay,1985,Roman Catholic
paraguay,1990,Roman Catholic
paraguay,1995,Roman Catholic
paraguay,2000,Roman Catholic
paraguay,2002,Catholic
paraguay,2005,Roman Catholic
paraguay,2010,Roman Catholic
peru,1945,Roman Catholic
peru,1950,Roman Catholic
peru,1955,Roman Catholic
peru,1960,Roman Catholic
peru,1965,Roman Catholic
peru,1970,Roman Catholic
peru,1975,Roman Catholic
peru,1980,Roman Catholic
peru,1985,Roman Catholic
peru,1990,Roman Catholic
peru,1995,Roman Catholic
peru,2000,Roman Catholic
peru,2005,Roman Catholic
peru,2007,Catholic
peru,2010,Roman Catholic
peru,2017,Catholic
philippines,1950,Roman Catholic
philippines,1955,Roman Catholic
philippines,1960,Roman Catholic
philippines,1965,Roman Catholic
philippines,1970,Roman Catholic
philippines,1975,Roman Catholic
philippines,1980,Roman Catholic
philippines,1985,Roman Catholic
philippines,1990,Roman Catholic
philippines,1995,Roman Catholic
philippines,2000,Roman Catholic
philippines,2005,Roman Catholic
philippines,2010,Roman Catholic
philippines,2015,Roman Catholic
philippines,2020,Roman Catholic
poland,1945,Roman Catholic
poland,1950,Roman Catholic
poland,1955,Roman Catholic
poland,1960,Roman Catholic
poland,1965,Roman Catholic
poland,1970,Roman Catholic
poland,1975,Roman Catholic
poland,1980,Roman Catholic
poland,1985,Roman Catholic
poland,1990,Roman Catholic
poland,1995,Roman Catholic
poland,2000,Roman Catholic
poland,2005,Roman Catholic
poland,2010,Roman Catholic
poland,2011,Roman Catholic
poland,2021,Roman Catholic
portugal,1945,Roman Catholic
portugal,1950,Roman Catholic
portugal,1955,Roman Catholic
portugal,1960,Roman Catholic
portugal,1965,Roman Catholic
portugal,1970,Roman Catholic
portugal,1975,Roman Catholic
portugal,1980,Roman Catholic
portugal,1985,Roman Catholic
portugal,1990,Roman Catholic
portugal,1995,Roman Catholic
portugal,2000,Roman Catholic
portugal,2001,Catholic
portugal,2005,Roman Catholic
portugal,2010,Roman Catholic
portugal,2011,Catholic
portugal,2021,Catholic
qatar,1970,Muçulmano
qatar,1975,Muçulmano
qatar,1980,Muçulmano
qatar,1985,Muçulmano
qatar,1990,Muçulmano
qatar,1995,Muçulmano
qatar,2000,Muçulmano
qatar,2004,Muslim
qatar,2005,Muçulmano
qatar,2010,Muçulmano
republic of korea,1995,No Religion
republic of korea,2005,No Religion
republic of korea,2015,No Religion
republic of moldova,2004,Orthodox
republic of moldova,2014,Orthodox
republic of vietnam,1955,Budista
republic of vietnam,1960,Budista
republic of vietnam,1965,Budista
republic of vietnam,1970,Budista
romania,1945,Eastern Orthodox
romania,1950,Eastern Orthodox
romania,1955,Eastern Orthodox
romania,1960,Eastern Orthodox
romania,1965,Eastern Orthodox
romania,1970,Eastern Orthodox
romania,1975,Eastern Orthodox
romania,1980,Eastern Orthodox
romania,1985,Eastern Orthodox
romania,1990,Eastern Orthodox
romania,1995,Eastern Orthodox
romania,2000,Eastern Orthodox
romania,2002,Orthodox
romania,2005,Eastern Orthodox
romania,2010,Eastern Orthodox
romania,2011,Orthodox
romania,2021,Orthodox
russia,1945,No Religion
russia,1950,No Religion
russia,1955,No Religion
russia,1960,No Religion
russia,1965,No Religion
russia,1970,No Religion
russia,1975,No Religion
russia,1980,No Religion
russia,1985,No Religion
russia,1990,No Religion
russia,1995,No Religion
russia,2000,Eastern Orthodox
russia,2005,Eastern Orthodox
russia,2010,Eastern Orthodox
rwanda,1965,Roman Catholic
rwanda,1970,Roman Catholic
rwanda,1975,Roman Catholic
rwanda,1980,Roman Catholic
rwanda,1985,Roman Catholic
rwanda,1990,Roman Catholic
rwanda,1995,Roman Catholic
rwanda,2000,Roman Catholic
rwanda,2002,Catholic
rwanda,2005,Roman Catholic
rwanda,2010,Roman Catholic
rwanda,2012,Catholic
saint helena ex. dep.,1998,Church of England
saint helena ex. dep.,2008,Church of England
saint helena ex. dep.,2016,Anglican
saint lucia,2001,Roman Catholic
saint vincent and the grenadines,2001,Anglican
samoa,1980,Protestante
samoa,1985,Protestante
samoa,1990,Protestante
samoa,1995,Protestante
samoa,2000,Protestante
samoa,2001,Congregational
samoa,2005,Protestante
samoa,2010,Protestante
samoa,2016,Congregational
san marino,1995,Roman Catholic
san marino,2000,Roman Catholic
san marino,2005,Roman Catholic
san marino,2010,Roman Catholic
sao tome and principe,1975,Roman Catholic
sao tome and principe,1980,Roman Catholic
sao tome and principe,1985,Roman Catholic
sao tome and principe,1990,Roman Catholic
sao tome and principe,1995,Roman Catholic
sao tome and principe,2000,Roman Catholic
sao tome and principe,2001,Catholic
sao tome and principe,2005,Roman Catholic
sao tome and principe,2010,Roman Catholic
sao tome and principe,2012,Roman Apostolic Catholic
saudi arabia,1945,Muçulmano
saudi arabia,1950,Muçulmano
saudi arabia,1955,Muçulmano
saudi arabia,1960,Muçulmano
saudi arabia,1965,Muçulmano
saudi arabia,1970,Muçulmano
saudi arabia,1975,Muçulmano
saudi arabia,1980,Muçulmano
saudi arabia,1985,Muçulmano
saudi arabia,1990,Muçulmano
saudi arabia,1995,Muçulmano
saudi arabia,2000,Muçulmano
saudi arabia,2005,Muçulmano
saudi arabia,2010,Muçulmano
senegal,1960,Muçulmano
senegal,1965,Muçulmano
senegal,1970,Muçulmano
senegal,1975,Muçulmano
senegal,1980,Muçulmano
senegal,1985,Muçulmano
senegal,1990,Muçulmano
senegal,1995,Muçulmano
senegal,2000,Muçulmano
senegal,2005,Muçulmano
senegal,2010,Muçulmano
serbia,2002,Serbian Orthodox
serbia,2011,Serbian Orthodox
seychelles,1980,Roman Catholic
seychelles,1985,Roman Catholic
seychelles,1990,Roman Catholic
seychelles,1995,Roman Catholic
seychelles,2000,Roman Catholic
seychelles,2002,Roman Catholic
seychelles,2005,Roman Catholic
seychelles,2010,Roman Catholic
sierra leone,1965,Tradicionais/Animista
sierra leone,1970,Tradicionais/Animista
sierra leone,1975,Tradicionais/Animista
sierra leone,1980,Tradicionais/Animista
sierra leone,1985,Tradicionais/Animista
sierra leone,1990,Muçulmano
sierra leone,1995,Muçulmano
sierra leone,2000,Muçulmano
sierra leone,2005,Muçulmano
sierra leone,2010,Muçulmano
singapore,1965,Muçulmano
singapore,1970,Muçulmano
singapore,1975,Muçulmano
singapore,1980,Muçulmano
singapore,1985,Muçulmano
singapore,1990,Muçulmano
singapore,1995,Muçulmano
singapore,2000,Budista
singapore,2005,Budista
singapore,2010,Budista
singapore,2020,Buddhist
sint maarten (dutch part),2011,Roman Catholic
slovakia,1995,Roman Catholic
slovakia,2000,Roman Catholic
slovakia,2001,Roman Catholic
slovakia,2005,Roman Catholic
slovakia,2010,Roman Catholic
slovakia,2011,Roman Catholic
slovakia,2021,Roman Catholic
slovenia,1995,Roman Catholic
slovenia,2000,Roman Catholic
slovenia,2002,Catholic
slovenia,2005,Roman Catholic
slovenia,2010,Roman Catholic
solomon islands,1980,Protestante
solomon islands,1985,Protestante
solomon islands,1990,Protestante
solomon islands,1995,Protestante
solomon islands,2000,Protestante
solomon islands,2005,Protestante
solomon islands,2010,Protestante
somalia,1960,Muçulmano
somalia,1965,Muçulmano
somalia,1970,Muçulmano
somalia,1975,Muçulmano
somalia,1980,Muçulmano
somalia,1985,Muçulmano
somalia,1990,Muçulmano
somalia,1995,Muçulmano
somalia,2000,Muçulmano
somalia,2005,Muçulmano
somalia,2010,Muçulmano
south africa,1945,Tradicionais/Animista
south africa,1950,Tradicionais/Animista
south africa,1955,Cristão (Outros)
south africa,1960,Cristão (Outros)
south africa,1965,Cristão (Outros)
south africa,1970,Cristão (Outros)
south africa,1975,Cristão (Outros)
south africa,1980,Cristão (Outros)
south africa,1985,Cristão (Outros)
south africa,1990,Cristão (Outros)
south africa,1995,Cristão (Outros)
south africa,1996,No Religion
south africa,2000,Cristão (Outros)
south africa,2001,No Religion
south africa,2005,Cristão (Outros)
south africa,2010,Cristão (Outros)
south korea,1950,Tradicionais/Animista
south korea,1955,Tradicionais/Animista
south korea,1960,Tradicionais/Animista
south korea,1965,Tradicionais/Animista
south korea,1970,Tradicionais/Animista
south korea,1975,Tradicionais/Animista
south korea,1980,Tradicionais/Animista
south korea,1985,No Religion
south korea,1990,No Religion
south korea,1995,No Religion
south korea,2000,No Religion
south korea,2005,No Religion
south korea,2010,No Religion
spain,1945,Roman Catholic
spain,1950,Roman Catholic
spain,1955,Roman Catholic
spain,1960,Roman Catholic
spain,1965,Roman Catholic
spain,1970,Roman Catholic
spain,1975,Roman Catholic
spain,1980,Roman Catholic
spain,1985,Roman Catholic
spain,1990,Roman Catholic
spain,1995,Roman Catholic
spain,2000,Roman Catholic
spain,2005,Roman Catholic
spain,2010,Roman Catholic
sri lanka,1950,Budista
sri lanka,1955,Budista
sri lanka,1960,Budista
sri lanka,1965,Budista
sri lanka,1970,Budista
sri lanka,1975,Budista
sri lanka,1980,Budista
sri lanka,1985,Budista
sri lanka,1990,Budista
sri lanka,1995,Budista
sri lanka,2000,Budista
sri lanka,2001,Buddhist
sri lanka,2005,Budista
sri lanka,2010,Budista
sri lanka,2012,Buddhist
st. kitts and nevis,1985,Protestante
st. kitts and nevis,1990,Protestante
st. kitts and nevis,1995,Protestante
st. kitts and nevis,2000,Protestante
st. kitts and nevis,2005,Anglican
st. kitts and nevis,2010,Anglican
st. lucia,1980,Roman Catholic
st. lucia,1985,Roman Catholic
st. lucia,1990,Roman Catholic
st. lucia,1995,Roman Catholic
st. lucia,2000,Roman Catholic
st. lucia,2005,Roman Catholic
st. lucia,2010,Roman Catholic
st. vincent and the grenadines,1980,Anglican
st. vincent and the grenadines,1985,Anglican
st. vincent and the grenadines,1990,Protestante
st. vincent and the grenadines,1995,Protestante
st. vincent and the grenadines,2000,Protestante
st. vincent and the grenadines,2005,Protestante
st. vincent and the grenadines,2010,Roman Catholic
state of palestine,1997,Islam 
state of palestine,2007,Islam 
sudan,1960,Muçulmano
sudan,1965,Muçulmano
sudan,1970,Muçulmano
sudan,1975,Muçulmano
sudan,1980,Muçulmano
sudan,1985,Muçulmano
sudan,1990,Muçulmano
sudan,1995,Muçulmano
sudan,2000,Muçulmano
sudan,2005,Muçulmano
sudan,2010,Muçulmano
suriname,1975,Roman Catholic
suriname,1980,Roman Catholic
suriname,1985,Roman Catholic
suriname,1990,Protestante
suriname,1995,Hindu
suriname,2000,Protestante
suriname,2004,Christian
suriname,2005,Hindu
suriname,2010,Hindu
suriname,2012,Christian
swaziland,1970,Cristão (Outros)
swaziland,1975,Cristão (Outros)
swaziland,1980,Cristão (Outros)
swaziland,1985,Cristão (Outros)
swaziland,1990,Cristão (Outros)
swaziland,1995,Cristão (Outros)
swaziland,2000,Protestante
swaziland,2005,Protestante
swaziland,2010,Protestante
sweden,1945,Protestante
sweden,1950,Protestante
sweden,1955,Protestante
sweden,1960,Protestante
sweden,1965,Protestante
sweden,1970,Protestante
sweden,1975,Protestante
sweden,1980,Protestante
sweden,1985,Protestante
sweden,1990,Protestante
sweden,1995,Protestante
sweden,2000,Protestante
sweden,2005,Protestante
sweden,2010,Protestante
switzerland,1945,Protestante
switzerland,1950,Protestante
switzerland,1955,Protestante
switzerland,1960,Protestante
switzerland,1965,Protestante
switzerland,1970,Protestante
switzerland,1975,Roman Catholic
switzerland,1980,Roman Catholic
switzerland,1985,Roman Catholic
switzerland,1990,Roman Catholic
switzerland,1995,Roman Catholic
switzerland,2000,Roman Catholic
switzerland,2005,Roman Catholic
switzerland,2010,Roman Catholic
switzerland,2011,Roman Catholic
switzerland,2020,Roman Catholic
syria,1950,Muçulmano
syria,1955,Muçulmano
syria,1960,Muçulmano
syria,1965,Muçulmano
syria,1970,Muçulmano
syria,1975,Muçulmano
syria,1980,Muçulmano
syria,1985,Muçulmano
syria,1990,Muçulmano
syria,1995,Muçulmano
syria,2000,Muçulmano
syria,2005,Muçulmano
syria,2010,Muçulmano
taiwan,1950,Budista
taiwan,1955,Budista
taiwan,1960,Budista
taiwan,1965,Budista
taiwan,1970,Budista
taiwan,1975,Budista
taiwan,1980,Budista
taiwan,1985,Budista
taiwan,1990,Budista
taiwan,1995,Budista
taiwan,2000,Budista
taiwan,2005,Budista
taiwan,2010,Budista
tajikistan,1995,Muçulmano
tajikistan,2000,Muçulmano
tajikistan,2005,Muçulmano
tajikistan,2010,Muçulmano
tanzania,1965,Tradicionais/Animista
tanzania,1970,Tradicionais/Animista
tanzania,1975,Muçulmano
tanzania,1980,Muçulmano
tanzania,1985,Muçulmano
tanzania,1990,Muçulmano
tanzania,1995,Muçulmano
tanzania,2000,Muçulmano
tanzania,2005,Muçulmano
tanzania,2010,Muçulmano
thailand,1945,Budista
thailand,1950,Budista
thailand,1955,Budista
thailand,1960,Budista
thailand,1965,Budista
thailand,1970,Budista
thailand,1975,Budista
thailand,1980,Budista
thailand,1985,Budista
thailand,1990,Budista
thailand,1995,Budista
thailand,2000,Budista
thailand,2005,Budista
thailand,2010,Budista
timor-leste,2004,Catholic
timor-leste,2015,Catholic
togo,1960,Tradicionais/Animista
togo,1965,Tradicionais/Animista
togo,1970,Tradicionais/Animista
togo,1975,Tradicionais/Animista
togo,1980,Tradicionais/Animista
togo,1985,Tradicionais/Animista
togo,1990,Tradicionais/Animista
togo,1995,Tradicionais/Animista
togo,2000,Tradicionais/Animista
togo,2005,Tradicionais/Animista
togo,2010,Tradicionais/Animista
tonga,1996,Free Wesleyan Church
tonga,2000,Protestante
tonga,2005,Protestante
tonga,2006,Free Wesleyan Church
tonga,2010,Protestante
tonga,2016,Free Wesleyan Church
tonga,2021,Free Wesleyan Church
trinidad and tobago,1960,Roman Catholic
trinidad and tobago,1965,Roman Catholic
trinidad and tobago,1970,Roman Catholic
trinidad and tobago,1975,Roman Catholic
trinidad and tobago,1980,Roman Catholic
trinidad and tobago,1985,Roman Catholic
trinidad and tobago,1990,Roman Catholic
trinidad and tobago,1995,Roman Catholic
trinidad and tobago,2000,Roman Catholic
trinidad and tobago,2005,Roman Catholic
trinidad and tobago,2010,Protestante
trinidad and tobago,2011,Roman Catholic
tunisia,1955,Muçulmano
tunisia,1960,Muçulmano
tunisia,1965,Muçulmano
tunisia,1970,Muçulmano
tunisia,1975,Muçulmano
tunisia,1980,Muçulmano
tunisia,1985,Muçulmano
tunisia,1990,Muçulmano
tunisia,1995,Muçulmano
tunisia,2000,Muçulmano
tunisia,2005,Muçulmano
tunisia,2010,Muçulmano
turkey,1945,Muçulmano
turkey,1950,Muçulmano
turkey,1955,Muçulmano
turkey,1960,Muçulmano
turkey,1965,Muçulmano
turkey,1970,Muçulmano
turkey,1975,Muçulmano
turkey,1980,Muçulmano
turkey,1985,Muçulmano
turkey,1990,Muçulmano
turkey,1995,Muçulmano
turkey,2000,Muçulmano
turkey,2005,Muçulmano
turkey,2010,Muçulmano
turkmenistan,1995,Muçulmano
turkmenistan,2000,Muçulmano
turkmenistan,2005,Muçulmano
turkmenistan,2010,Muçulmano
tuvalu,2000,Protestante
tuvalu,2002,Church of Tuvalu
tuvalu,2005,Protestante
tuvalu,2010,Protestante
tuvalu,2017,Ekalesia Kelisiano Tuvalu
uganda,1965,Roman Catholic
uganda,1970,Roman Catholic
uganda,1975,Roman Catholic
uganda,1980,Roman Catholic
uganda,1985,Roman Catholic
uganda,1990,Roman Catholic
uganda,1995,Roman Catholic
uganda,2000,Roman Catholic
uganda,2002,Catholic
uganda,2005,Roman Catholic
uganda,2010,Roman Catholic
ukraine,1995,Eastern Orthodox
ukraine,2000,Eastern Orthodox
ukraine,2005,Eastern Orthodox
ukraine,2010,Eastern Orthodox
united arab emirates,1970,Muçulmano
united arab emirates,1975,Muçulmano
united arab emirates,1980,Muçulmano
united arab emirates,1985,Muçulmano
united arab emirates,1990,Muçulmano
united arab emirates,1995,Muçulmano
united arab emirates,2000,Muçulmano
united arab emirates,2005,Muçulmano
united arab emirates,2010,Muçulmano
united kingdom,1945,Anglican
united kingdom,1950,Anglican
united kingdom,1955,Anglican
united kingdom,1960,Anglican
united kingdom,1965,Anglican
united kingdom,1970,Anglican
united kingdom,1975,Anglican
united kingdom,1980,Anglican
united kingdom,1985,Anglican
united kingdom,1990,Anglican
united kingdom,1995,Anglican
united kingdom,2000,Anglican
united kingdom,2005,Anglican
united kingdom,2010,Anglican
united kingdom of great britain and northern ireland,2001,Christian
united kingdom of great britain and northern ireland,2011,Christian
united states of america,1945,Protestante
united states of america,1950,Protestante
united states of america,1955,Protestante
united states of america,1960,Protestante
united states of america,1965,Protestante
united states of america,1970,Protestante
united states of america,1975,Protestante
united states of america,1980,Protestante
united states of america,1985,Protestante
united states of america,1990,Protestante
united states of america,1995,Protestante
united states of america,2000,Protestante
united states of america,2005,Protestante
united states of america,2010,Protestante
uruguay,1945,Roman Catholic
uruguay,1950,Roman Catholic
uruguay,1955,Roman Catholic
uruguay,1960,Roman Catholic
uruguay,1965,Roman Catholic
uruguay,1970,Roman Catholic
uruguay,1975,Roman Catholic
uruguay,1980,Roman Catholic
uruguay,1985,Roman Catholic
uruguay,1990,Roman Catholic
uruguay,1995,Roman Catholic
uruguay,2000,Roman Catholic
uruguay,2005,Roman Catholic
uruguay,2010,Roman Catholic
uzbekistan,1995,Muçulmano
uzbekistan,2000,Muçulmano
uzbekistan,2005,Muçulmano
uzbekistan,2010,Muçulmano
vanuatu,1985,Protestante
vanuatu,1990,Protestante
vanuatu,1995,Protestante
vanuatu,2000,Protestante
vanuatu,2005,Protestante
vanuatu,2009,Presbyterian
vanuatu,2010,Protestante
venezuela,1945,Roman Catholic
venezuela,1950,Roman Catholic
venezuela,1955,Roman Catholic
venezuela,1960,Roman Catholic
venezuela,1965,Roman Catholic
venezuela,1970,Roman Catholic
venezuela,1975,Roman Catholic
venezuela,1980,Roman Catholic
venezuela,1985,Roman Catholic
venezuela,1990,Roman Catholic
venezuela,1995,Roman Catholic
venezuela,2000,Roman Catholic
venezuela,2005,Roman Catholic
venezuela,2010,Roman Catholic
viet nam,1999,No Religion
viet nam,2019,No Religion
vietnam,1955,No Religion
vietnam,1960,No Religion
vietnam,1965,No Religion
vietnam,1970,No Religion
vietnam,1975,No Religion
vietnam,1980,No Religion
vietnam,1985,No Religion
vietnam,1990,No Religion
vietnam,1995,No Religion
vietnam,2000,Budista
vietnam,2005,Budista
vietnam,2010,Budista
yemen,1990,Muçulmano
yemen,1995,Muçulmano
yemen,2000,Muçulmano
yemen,2005,Muçulmano
yemen,2010,Muçulmano
yemen arab republic,1945,Muçulmano
yemen arab republic,1950,Muçulmano
yemen arab republic,1955,Muçulmano
yemen arab republic,1960,Muçulmano
yemen arab republic,1965,Muçulmano
yemen arab republic,1970,Muçulmano
yemen arab republic,1975,Muçulmano
yemen arab republic,1980,Muçulmano
yemen arab republic,1985,Muçulmano
yemen arab republic,1990,Muçulmano
yemen people's republic,1970,Muçulmano
yemen people's republic,1975,Muçulmano
yemen people's republic,1980,Muçulmano
yemen people's republic,1985,Muçulmano
yemen people's republic,1990,Muçulmano
yugoslavia,1945,Eastern Orthodox
yugoslavia,1950,Eastern Orthodox
yugoslavia,1955,Eastern Orthodox
yugoslavia,1960,Eastern Orthodox
yugoslavia,1965,Eastern Orthodox
yugoslavia,1970,Eastern Orthodox
yugoslavia,1975,Eastern Orthodox
yugoslavia,1980,Eastern Orthodox
yugoslavia,1985,Eastern Orthodox
yugoslavia,1990,Eastern Orthodox
yugoslavia,1995,Eastern Orthodox
yugoslavia,2000,Eastern Orthodox
yugoslavia,2005,Eastern Orthodox
yugoslavia,2010,Eastern Orthodox
zambia,1965,Cristão (Outros)
zambia,1970,Cristão (Outros)
zambia,1975,Cristão (Outros)
zambia,1980,Roman Catholic
zambia,1985,Roman Catholic
zambia,1990,Roman Catholic
zambia,1995,Roman Catholic
zambia,2000,Roman Catholic
zambia,2005,Roman Catholic
zambia,2010,Roman Catholic
zimbabwe,1965,Tradicionais/Animista
zimbabwe,1970,Tradicionais/Animista
zimbabwe,1975,Tradicionais/Animista
zimbabwe,1980,Tradicionais/Animista
zimbabwe,1985,Cristão (Outros)
zimbabwe,1990,Cristão (Outros)
zimbabwe,1995,Cristão (Outros)
zimbabwe,2000,Cristão (Outros)
zimbabwe,2005,Cristão (Outros)
zimbabwe,2010,Cristão (Outros)
